"Name","Pin","Balance","AccountNumber"
"Nam","112211","$90","556677"
"Nam","112212","101","556678"
"Nam","112213","102","556679"
"Nam","112214","103","556680"
"Nam","112215","104","556681"
"Nam","112216","105","556682"
"Nam","112217","106","556683"
"Nam","112218","107","556684"
"Nam","112219","108","556685"
"Nam","112220","109","556686"
"Nam","112221","110","556687"
"Nam","112222","111","556688"
"Nam","112223","112","556689"
"Nam","112224","113","556690"
"Nam","112225","114","556691"
"Nam","112226","115","556692"
"Nam","112227","116","556693"
"Nam","112228","117","556694"
"Nam","112229","118","556695"
"Nam","112230","119","556696"
